{
  "aircraft": {
    "classifiers": {
      "axis-aligned": {
        "stats": {
          "nodes": 915877,
          "inner nodes": 457938,
          "paths": 457939,
          "bandwidth": 19
        },
        "time": "00:55:52.233"
      },
      "lin-logreg": "timeout",
      "lin-svm": {
        "stats": {
          "nodes": 916685,
          "inner nodes": 458342,
          "paths": 458343,
          "bandwidth": 19
        },
        "time": "00:58:13.269"
      },
      "lin-oc1": "timeout",
      "poly": {
        "stats": {
          "nodes": 725011,
          "inner nodes": 362505,
          "paths": 362506,
          "bandwidth": 19
        },
        "time": "02:13:27.111"
      },
      "polyPrio1": {
        "stats": {
          "nodes": 602335,
          "inner nodes": 301167,
          "paths": 301168,
          "bandwidth": 19
        },
        "time": "02:28:16.231"
      },
      "poly-minEntropy": {
        "stats": {
          "nodes": 688577,
          "inner nodes": 344288,
          "paths": 344289,
          "bandwidth": 19
        },
        "time": "01:56:41.554"
      },
      "polyPrio1-minEntropy": {
        "stats": {
          "nodes": 630631,
          "inner nodes": 315315,
          "paths": 315316,
          "bandwidth": 19
        },
        "time": "02:01:11.270"
      },
      "axis-aligned-minEntropy": {
        "stats": {
          "nodes": 1015903,
          "inner nodes": 507951,
          "paths": 507952,
          "bandwidth": 19
        },
        "time": "00:32:49.560"
      },
      "lin-logreg-minEntropy": "timeout",
      "lin-svm-minEntropy": {
        "stats": {
          "nodes": 1013949,
          "inner nodes": 506974,
          "paths": 506975,
          "bandwidth": 19
        },
        "time": "00:55:32.052"
      },
      "lin-oc1-minEntropy": "timeout"
    },
    "metadata": {
      "X_metadata": {
        "categorical": [],
        "min_outer": [
          58.0110497238,
          -0.0523598776,
          0.0
        ],
        "max_outer": [
          82.9419889503,
          0.0,
          56.0
        ],
        "min_inner": [
          58.011051177978516,
          -0.05235987901687622,
          0.3353293538093567
        ],
        "max_inner": [
          82.8729248046875,
          -0.0007933300803415477,
          57.00598907470703
        ],
        "step_size": [
          0.0690607735,
          0.0007933315,
          0.1676646707
        ]
      },
      "Y_metadata": {
        "variables": [
          "u_0",
          "u_1"
        ],
        "min": [
          0.0
        ],
        "max": [
          32000.0
        ],
        "step_size": [
          32000.0,
          0.0196349541
        ],
        "num_rows": 2135056,
        "num_flattened": 4270112
      }
    }
  }
}