{
  "10rooms": {
    "classifiers": {
      "BDD_actOR0": {
        "stats": {
          "nodes": 1207
        },
        "time": "00:01:14.551"
      },
      "BDD_UL0": {
        "stats": {
          "nodes": 640
        },
        "time": "00:00:42.438"
      }
    },
    "metadata": {
      "X_metadata": {
        "categorical": [],
        "min_outer": [
          18.75,
          18.75,
          18.75,
          18.75,
          18.75,
          18.75,
          18.75,
          18.75,
          18.75,
          18.75
        ],
        "max_outer": [
          21.25,
          21.25,
          21.25,
          21.25,
          21.25,
          21.25,
          21.25,
          21.25,
          21.25,
          21.25
        ],
        "min_inner": [
          18.75,
          20.0,
          18.75,
          18.75,
          20.0,
          18.75,
          18.75,
          18.75,
          18.75,
          18.75
        ],
        "max_inner": [
          21.25,
          21.25,
          21.25,
          21.25,
          21.25,
          21.25,
          21.25,
          21.25,
          21.25,
          21.25
        ],
        "step_size": [
          1.25,
          1.25,
          1.25,
          1.25,
          1.25,
          1.25,
          1.25,
          1.25,
          1.25,
          1.25
        ],
        "variables": [
          "T1",
          "T2",
          "T3",
          "T4",
          "T5",
          "T6",
          "T7",
          "T8",
          "T9",
          "T10"
        ]
      },
      "Y_metadata": {
        "variables": [
          "u_0",
          "u_1"
        ],
        "min": [
          0.0
        ],
        "max": [
          1.0
        ],
        "step_size": [
          0.5,
          0.5
        ],
        "num_rows": 26244,
        "num_flattened": 52488,
        "num_unique_labels": 25
      }
    }
  },
  "aircraft": {
    "classifiers": {
      "BDD_actOR0": {
        "stats": {
          "nodes": 177332
        },
        "time": "01:39:50.340"
      },
      "BDD_UL0": {
        "stats": {
          "nodes": 177333
        },
        "time": "01:50:20.377"
      }
    },
    "metadata": {
      "X_metadata": {
        "categorical": [],
        "min_outer": [
          58.0110497238,
          -0.0523598776,
          0.0
        ],
        "max_outer": [
          82.9419889503,
          0.0,
          56.0
        ],
        "min_inner": [
          58.011051177978516,
          -0.05235987901687622,
          0.3353293538093567
        ],
        "max_inner": [
          82.8729248046875,
          -0.0007933300803415477,
          57.00598907470703
        ],
        "step_size": [
          0.0690607735,
          0.0007933315,
          0.1676646707
        ],
        "variables": [
          "x0",
          "x1",
          "x2"
        ]
      },
      "Y_metadata": {
        "variables": [
          "u_0",
          "u_1"
        ],
        "min": [
          0.0
        ],
        "max": [
          32000.0
        ],
        "step_size": [
          32000.0,
          0.0196349541
        ],
        "num_rows": 2135056,
        "num_flattened": 4270112,
        "num_unique_labels": 16
      }
    }
  },
  "cartpole": {
    "classifiers": {
      "BDD_actOR0": {
        "stats": {
          "nodes": 456
        },
        "time": "00:04:14.816"
      },
      "BDD_UL0": {
        "stats": {
          "nodes": 361
        },
        "time": "00:04:06.212"
      }
    },
    "metadata": {
      "X_metadata": {
        "categorical": [],
        "min_outer": [
          2.24,
          -2.0
        ],
        "max_outer": [
          4.08,
          2.0
        ],
        "min_inner": [
          2.4000000953674316,
          -0.8999999761581421
        ],
        "max_inner": [
          3.8399999141693115,
          0.8999999761581421
        ],
        "step_size": [
          0.08,
          0.1
        ],
        "variables": [
          "x0",
          "x1"
        ]
      },
      "Y_metadata": {
        "variables": [
          "u_0"
        ],
        "min": [
          -4.0
        ],
        "max": [
          4.0
        ],
        "step_size": [
          0.1
        ],
        "num_rows": 271,
        "num_flattened": 21951,
        "num_unique_labels": 85
      }
    }
  },
  "cruise_250": {
    "classifiers": {
      "BDD_actOR0": {
        "stats": {
          "nodes": 1816
        },
        "time": "00:08:24.024"
      },
      "BDD_UL0": {
        "stats": {
          "nodes": 1820
        },
        "time": "00:06:27.774"
      }
    },
    "metadata": {
      "X_metadata": {
        "variables": [
          "eChoose",
          "fChoose",
          "d",
          "vE",
          "aE",
          "vF",
          "aF"
        ],
        "categorical": [],
        "min_inner": [
          0.0,
          1.0,
          6.0,
          -6.0,
          -2.0,
          -6.0,
          -2.0
        ],
        "min_outer": [
          0.0,
          1.0,
          6.0,
          -6.0,
          -2.0,
          -6.0,
          -2.0
        ],
        "max_inner": [
          0.0,
          1.0,
          276.0,
          20.0,
          2.0,
          20.0,
          2.0
        ],
        "max_outer": [
          0.0,
          1.0,
          276.0,
          20.0,
          2.0,
          20.0,
          2.0
        ],
        "step_size": [
          1,
          1,
          1,
          1,
          1,
          1,
          1
        ]
      },
      "Y_metadata": {
        "variables": [
          "accelerationEgo"
        ],
        "min": [
          -2
        ],
        "max": [
          2
        ],
        "step_size": [
          2
        ],
        "num_rows": 320523,
        "num_flattened": 961569,
        "num_unique_labels": 5
      }
    }
  },
  "cruise_300": {
    "classifiers": {
      "BDD_actOR0": {
        "stats": {
          "nodes": 2239
        },
        "time": "00:11:47.746"
      },
      "BDD_UL0": {
        "stats": {
          "nodes": 3944
        },
        "time": "00:10:35.369"
      }
    },
    "metadata": {
      "X_metadata": {
        "variables": [
          "eChoose",
          "fChoose",
          "d",
          "vE",
          "aE",
          "vF",
          "aF"
        ],
        "categorical": [],
        "min_inner": [
          1.0,
          0.0,
          6.0,
          -10.0,
          -2.0,
          -10.0,
          -2.0
        ],
        "min_outer": [
          1.0,
          0.0,
          6.0,
          -10.0,
          -2.0,
          -10.0,
          -2.0
        ],
        "max_inner": [
          1.0,
          0.0,
          330.0,
          20.0,
          2.0,
          20.0,
          2.0
        ],
        "max_outer": [
          1.0,
          0.0,
          330.0,
          20.0,
          2.0,
          20.0,
          2.0
        ],
        "step_size": [
          1,
          1,
          1,
          1,
          1,
          1,
          1
        ]
      },
      "Y_metadata": {
        "variables": [
          "accelerationEgo"
        ],
        "min": [
          -2
        ],
        "max": [
          2
        ],
        "step_size": [
          2
        ],
        "num_rows": 500920,
        "num_flattened": 1502760,
        "num_unique_labels": 5
      }
    }
  },
  "dcdc": {
    "classifiers": {
      "BDD_actOR0": {
        "stats": {
          "nodes": 577
        },
        "time": "00:08:04.056"
      },
      "BDD_UL0": {
        "stats": {
          "nodes": 819
        },
        "time": "00:07:42.311"
      }
    },
    "metadata": {
      "X_metadata": {
        "categorical": [],
        "min_outer": [
          1.1505,
          5.4505
        ],
        "max_outer": [
          1.55,
          5.8495
        ],
        "min_inner": [
          1.1505000591278076,
          5.450500011444092
        ],